STATE_ABBR,NDCP_YEAR,CC_INFANT_MEDIAN,CC_TODDLER_MEDIAN,N_COUNTIES,CC_COMPOSITE
AK,2008,,,28,
AK,2009,,,29,
AK,2010,,,29,
AK,2011,,,29,
AK,2012,,,29,
AK,2013,,,29,
AK,2014,203.08,188.08,29,195.58
AK,2015,190.38,198.46,29,194.42000000000002
AK,2016,242.54,226.73,29,234.635
AK,2017,285.0,245.77,29,265.385
AK,2018,336.23,266.19,29,301.21000000000004
AL,2008,98.77,98.77,67,98.77
AL,2009,100.11,100.11,67,100.11
AL,2010,101.44,101.44,67,101.44
AL,2011,102.78,102.78,67,102.78
AL,2012,104.11,104.11,67,104.11
AL,2013,105.45,105.45,67,105.45
AL,2014,105.99,105.99,67,105.99
AL,2015,109.56,109.56,67,109.56
AL,2016,113.18,113.18,67,113.18
AL,2017,116.79,116.79,67,116.79
AL,2018,120.41,120.41,67,120.41
AR,2008,,,75,
AR,2009,,,75,
AR,2010,,,75,
AR,2011,,,75,
AR,2012,,,75,
AR,2013,,,75,
AR,2014,93.75,89.38,75,91.565
AR,2015,95.0,91.5,75,93.25
AR,2016,96.25,93.63,75,94.94
AR,2017,97.5,95.75,75,96.625
AR,2018,98.75,97.88,75,98.315
AZ,2008,145.0,126.0,15,135.5
AZ,2009,147.5,125.5,15,136.5
AZ,2010,150.0,125.0,15,137.5
AZ,2011,153.5,139.5,15,146.5
AZ,2012,160.0,154.0,15,157.0
AZ,2013,161.5,151.43,15,156.465
AZ,2014,163.0,148.85,15,155.925
AZ,2015,166.63,146.08,15,156.35500000000002
AZ,2016,170.25,152.68,15,161.465
AZ,2017,175.0,160.01,15,167.505
AZ,2018,177.5,160.0,15,168.75
CA,2008,227.495,162.075,58,194.785
CA,2009,248.85500000000002,186.82999999999998,58,217.8425
CA,2010,258.74,190.675,58,224.7075
CA,2011,264.85,194.835,58,229.84250000000003
CA,2012,272.95,199.81,58,236.38
CA,2013,271.515,186.99,58,229.2525
CA,2014,260.155,175.94,58,218.04749999999999
CA,2015,261.31,176.325,58,218.8175
CA,2016,256.70000000000005,176.98,58,216.84000000000003
CA,2017,274.94,179.96499999999997,58,227.4525
CA,2018,289.57,181.78500000000003,58,235.6775
CO,2008,,,64,
CO,2009,,,64,
CO,2010,,,64,
CO,2011,,,64,
CO,2012,,,64,
CO,2013,,,64,
CO,2014,,,64,
CO,2015,173.4,169.85,64,171.625
CO,2016,,,64,
CO,2017,,,64,
CO,2018,,,64,
CT,2008,222.5,222.5,8,222.5
CT,2009,225.0,225.0,8,225.0
CT,2010,227.5,227.5,8,227.5
CT,2011,230.0,230.0,8,230.0
CT,2012,244.5,244.5,8,244.5
CT,2013,258.0,258.0,8,258.0
CT,2014,270.75,270.75,8,270.75
CT,2015,283.5,283.5,8,283.5
CT,2016,290.66499999999996,290.66499999999996,8,290.66499999999996
CT,2017,297.83500000000004,297.83500000000004,8,297.83500000000004
CT,2018,305.0,305.0,8,305.0
DC,2008,,,1,
DC,2009,,,1,
DC,2010,,,1,
DC,2011,,,1,
DC,2012,303.58,253.06,1,278.32
DC,2013,,,1,
DC,2014,,,1,
DC,2015,,,1,
DC,2016,,,1,
DC,2017,,,1,
DC,2018,,,1,
DE,2008,130.35,113.92,3,122.13499999999999
DE,2009,135.56,119.4,3,127.48
DE,2010,140.78,124.87,3,132.825
DE,2011,145.99,130.35,3,138.17000000000002
DE,2012,148.07,131.39,3,139.73
DE,2013,150.16,132.43,3,141.29500000000002
DE,2014,158.5,139.21,3,148.85500000000002
DE,2015,166.84,145.99,3,156.41500000000002
DE,2016,171.02,152.94,3,161.98000000000002
DE,2017,175.19,159.89,3,167.54
DE,2018,179.36,166.84,3,173.10000000000002
FL,2008,122.22,105.36,67,113.78999999999999
FL,2009,126.43,109.44,67,117.935
FL,2010,132.68,114.435,67,123.5575
FL,2011,138.155,118.815,67,128.485
FL,2012,142.66500000000002,122.535,67,132.60000000000002
FL,2013,147.89499999999998,127.18,67,137.5375
FL,2014,148.82999999999998,127.685,67,138.2575
FL,2015,150.0,130.0,67,140.0
FL,2016,153.46,133.78,67,143.62
FL,2017,153.84,135.0,67,144.42000000000002
FL,2018,,,67,
GA,2008,,,159,
GA,2009,,,159,
GA,2010,,,159,
GA,2011,,,159,
GA,2012,,,159,
GA,2013,,,159,
GA,2014,,,159,
GA,2015,,,159,
GA,2016,95.0,90.0,159,92.5
GA,2017,,,159,
GA,2018,,,159,
HI,2008,,,5,
HI,2009,,,5,
HI,2010,,,5,
HI,2011,222.12,222.12,5,222.12
HI,2012,253.85,253.85,5,253.85
HI,2013,285.58,285.58,5,285.58
HI,2014,317.31,317.31,5,317.31
HI,2015,323.08,323.08,5,323.08
HI,2016,263.08,263.08,5,263.08
HI,2017,276.92,276.92,5,276.92
HI,2018,346.15,346.15,5,346.15
IA,2008,,,99,
IA,2009,,,99,
IA,2010,,,99,
IA,2011,,,99,
IA,2012,,,99,
IA,2013,,,99,
IA,2014,,,99,
IA,2015,,,99,
IA,2016,,,99,
IA,2017,150.13,150.13,99,150.13
IA,2018,,,99,
ID,2008,,,44,
ID,2009,,,44,
ID,2010,,,44,
ID,2011,,,44,
ID,2012,100.59,100.59,44,100.59
ID,2013,97.29,97.29,44,97.29
ID,2014,99.13,99.13,44,99.13
ID,2015,100.97,100.97,44,100.97
ID,2016,103.23,101.88,44,102.555
ID,2017,118.12,112.53,44,115.325
ID,2018,133.02,123.46,44,128.24
IL,2008,135.65,120.2,102,127.92500000000001
IL,2009,141.75,122.6,102,132.175
IL,2010,147.85,125.0,102,136.425
IL,2011,151.43,130.0,102,140.715
IL,2012,155.0,135.0,102,145.0
IL,2013,160.0,138.65,102,149.325
IL,2014,165.0,142.3,102,153.65
IL,2015,166.33,143.65,102,154.99
IL,2016,167.65,145.0,102,156.325
IL,2017,167.65,145.0,102,156.325
IL,2018,167.65,145.0,102,156.325
IN,2008,,,92,
IN,2009,,,92,
IN,2010,,,92,
IN,2011,,,92,
IN,2012,,,92,
IN,2013,,,92,
IN,2014,,,92,
IN,2015,,,92,
IN,2016,,,92,
IN,2017,,,92,
IN,2018,,,92,
KS,2008,92.4,80.0,105,86.2
KS,2009,86.2,78.0,105,82.1
KS,2010,80.0,76.0,105,78.0
KS,2011,82.4,76.4,105,79.4
KS,2012,84.8,76.8,105,80.8
KS,2013,96.0,89.6,105,92.8
KS,2014,99.4,95.1,105,97.25
KS,2015,102.8,100.6,105,101.69999999999999
KS,2016,106.2,106.1,105,106.15
KS,2017,109.6,111.6,105,110.6
KS,2018,113.0,117.1,105,115.05
KY,2008,88.32,81.86,120,85.09
KY,2009,90.48,86.17,120,88.325
KY,2010,94.79,90.48,120,92.635
KY,2011,99.09,94.79,120,96.94
KY,2012,103.4,99.09,120,101.245
KY,2013,107.71,103.4,120,105.555
KY,2014,112.36,99.2,120,105.78
KY,2015,117.25,97.5,120,107.375
KY,2016,113.625,98.75,120,106.1875
KY,2017,110.0,100.0,120,105.0
KY,2018,115.0,102.5,120,108.75
LA,2008,94.85,92.5,64,93.675
LA,2009,97.21,92.5,64,94.85499999999999
LA,2010,100.0,96.0,64,98.0
LA,2011,105.0,98.0,64,101.5
LA,2012,110.0,100.0,64,105.0
LA,2013,110.0,105.92,64,107.96000000000001
LA,2014,111.83,111.83,64,111.83
LA,2015,117.75,117.75,64,117.75
LA,2016,123.66,123.66,64,123.66
LA,2017,,,64,
LA,2018,,,64,
MA,2008,255.0,235.0,14,245.0
MA,2009,256.67,236.23,14,246.45
MA,2010,258.33,240.62,14,249.475
MA,2011,260.0,245.0,14,252.5
MA,2012,260.0,245.0,14,252.5
MA,2013,267.5,247.5,14,257.5
MA,2014,276.25,253.75,14,265.0
MA,2015,285.0,260.0,14,272.5
MA,2016,291.67,268.33,14,280.0
MA,2017,298.33,276.67,14,287.5
MA,2018,305.0,285.0,14,295.0
MD,2008,,,24,
MD,2009,,,24,
MD,2010,,,24,
MD,2011,,,24,
MD,2012,,,24,
MD,2013,198.22,154.93,24,176.575
MD,2014,203.0,154.67,24,178.83499999999998
MD,2015,207.78,154.41,24,181.095
MD,2016,212.56,154.14,24,183.35
MD,2017,217.33,153.88,24,185.60500000000002
MD,2018,222.11,153.62,24,187.865
ME,2008,,,16,
ME,2009,,,16,
ME,2010,,,16,
ME,2011,,,16,
ME,2012,163.5,156.5,16,160.0
ME,2013,165.0,159.0,16,162.0
ME,2014,170.5,161.5,16,166.0
ME,2015,172.5,162.5,16,167.5
ME,2016,176.33,168.33499999999998,16,172.33249999999998
ME,2017,178.33,173.33499999999998,16,175.83249999999998
ME,2018,185.0,177.5,16,181.25
MI,2008,130.89,130.89,83,130.89
MI,2009,115.57,115.57,83,115.57
MI,2010,124.26,124.26,83,124.26
MI,2011,132.48,132.48,83,132.48
MI,2012,136.86,136.86,83,136.86
MI,2013,141.22,141.22,83,141.22
MI,2014,143.59,143.59,83,143.59
MI,2015,147.59,147.59,83,147.59
MI,2016,153.13,153.13,83,153.13
MI,2017,157.9,157.9,83,157.9
MI,2018,163.37,163.37,83,163.37
MN,2008,165.0,150.25,87,157.625
MN,2009,165.0,152.0,87,158.5
MN,2010,137.0,125.0,87,131.0
MN,2011,156.0,144.0,87,150.0
MN,2012,145.0,135.0,87,140.0
MN,2013,160.0,147.5,87,153.75
MN,2014,175.0,160.0,87,167.5
MN,2015,175.25,161.5,87,168.375
MN,2016,190.0,180.0,87,185.0
MN,2017,182.5,168.5,87,175.5
MN,2018,192.0,167.0,87,179.5
MO,2008,,,115,
MO,2009,,,115,
MO,2010,,,115,
MO,2011,,,115,
MO,2012,,,115,
MO,2013,,,115,
MO,2014,,,115,
MO,2015,129.59,102.15,115,115.87
MO,2016,106.28,100.64,115,103.46000000000001
MO,2017,180.69,139.08,115,159.885
MO,2018,133.11,103.4,115,118.25500000000001
MS,2008,,,82,
MS,2009,,,82,
MS,2010,61.004999999999995,54.845,82,57.925
MS,2011,68.86,61.974999999999994,82,65.41749999999999
MS,2012,79.85,69.455,82,74.6525
MS,2013,90.49000000000001,76.51,82,83.5
MS,2014,86.045,74.16999999999999,82,80.10749999999999
MS,2015,81.065,71.28,82,76.1725
MS,2016,76.63,68.97,82,72.8
MS,2017,71.765,66.3,82,69.0325
MS,2018,67.80000000000001,64.045,82,65.92250000000001
MT,2008,,,56,
MT,2009,,,56,
MT,2010,,,56,
MT,2011,,,56,
MT,2012,,,56,
MT,2013,,,56,
MT,2014,,,56,
MT,2015,,,56,
MT,2016,140.325,122.785,56,131.555
MT,2017,,,56,
MT,2018,,,56,
NC,2008,,,100,
NC,2009,,,100,
NC,2010,,,100,
NC,2011,,,100,
NC,2012,,,100,
NC,2013,,,100,
NC,2014,155.84,143.99,100,149.91500000000002
NC,2015,151.5,140.235,100,145.8675
NC,2016,155.46,140.09,100,147.775
NC,2017,161.35,139.99,100,150.67000000000002
NC,2018,164.99,136.15,100,150.57
ND,2008,109.06,103.96,53,106.50999999999999
ND,2009,110.68,105.75,53,108.215
ND,2010,113.16,106.4,53,109.78
ND,2011,114.07,105.59,53,109.83
ND,2012,120.79,112.07,53,116.43
ND,2013,125.18,116.41,53,120.795
ND,2014,129.49,120.68,53,125.08500000000001
ND,2015,133.34,124.5,53,128.92000000000002
ND,2016,136.34,128.34,53,132.34
ND,2017,138.76,131.64,53,135.2
ND,2018,142.99,136.6,53,139.79500000000002
NE,2008,,,93,
NE,2009,,,93,
NE,2010,,,93,
NE,2011,,,93,
NE,2012,,,93,
NE,2013,,,93,
NE,2014,,,93,
NE,2015,,,93,
NE,2016,112.8,100.0,93,106.4
NE,2017,133.2,120.0,93,126.6
NE,2018,153.6,140.0,93,146.8
NH,2008,,,10,
NH,2009,,,10,
NH,2010,,,10,
NH,2011,,,10,
NH,2012,,,10,
NH,2013,,,10,
NH,2014,,,10,
NH,2015,,,10,
NH,2016,,,10,
NH,2017,,,10,
NH,2018,213.82,197.645,10,205.73250000000002
NJ,2008,193.62,179.09,21,186.35500000000002
NJ,2009,193.62,180.51,21,187.065
NJ,2010,193.62,181.93,21,187.775
NJ,2011,193.86,188.01,21,190.935
NJ,2012,193.64,193.64,21,193.64
NJ,2013,201.55,197.89,21,199.72
NJ,2014,203.36,197.36,21,200.36
NJ,2015,216.44,205.94,21,211.19
NJ,2016,230.0,218.0,21,224.0
NJ,2017,239.36,226.38,21,232.87
NJ,2018,253.71,233.18,21,243.445
NM,2008,,,33,
NM,2009,,,33,
NM,2010,,,33,
NM,2011,,,33,
NM,2012,,,33,
NM,2013,,,33,
NM,2014,,,33,
NM,2015,,,33,
NM,2016,,,33,
NM,2017,,,33,
NM,2018,,,33,
NV,2008,175.0,155.0,17,165.0
NV,2009,132.6,119.79,17,126.195
NV,2010,134.8,123.11,17,128.955
NV,2011,137.0,127.5,17,132.25
NV,2012,155.31,140.72,17,148.015
NV,2013,140.0,130.63,17,135.315
NV,2014,150.52,150.52,17,150.52
NV,2015,170.41,170.41,17,170.41
NV,2016,175.24,166.19,17,170.715
NV,2017,,,17,
NV,2018,,,17,
NY,2008,,,62,
NY,2009,,,62,
NY,2010,,,62,
NY,2011,,,62,
NY,2012,,,62,
NY,2013,,,62,
NY,2014,,,62,
NY,2015,,,62,
NY,2016,,,62,
NY,2017,,,62,
NY,2018,219.775,205.79,62,212.7825
OH,2008,,,88,
OH,2009,150.56,139.62,88,145.09
OH,2010,144.54,133.94,88,139.24
OH,2011,151.94,138.3,88,145.12
OH,2012,159.34,142.66,88,151.0
OH,2013,165.01,151.97,88,158.49
OH,2014,178.98,162.33,88,170.655
OH,2015,162.37,148.61,88,155.49
OH,2016,175.94,161.3,88,168.62
OH,2017,178.47,163.15,88,170.81
OH,2018,181.0,165.0,88,173.0
OK,2008,111.27,94.07,77,102.66999999999999
OK,2009,118.54,99.04,77,108.79
OK,2010,125.82,104.02,77,114.91999999999999
OK,2011,128.74,107.92,77,118.33000000000001
OK,2012,129.84,110.32,77,120.08
OK,2013,135.95,113.31,77,124.63
OK,2014,141.56,115.94,77,128.75
OK,2015,144.34,119.01,77,131.675
OK,2016,145.03,120.43,77,132.73000000000002
OK,2017,146.31,122.22,77,134.265
OK,2018,146.75,123.33,77,135.04
OR,2008,132.69,132.69,36,132.69
OR,2009,143.08,135.58,36,139.33
OR,2010,153.46,138.46,36,145.96
OR,2011,154.62,139.85,36,147.235
OR,2012,155.77,141.23,36,148.5
OR,2013,147.12,136.96,36,142.04000000000002
OR,2014,138.46,132.69,36,135.575
OR,2015,144.23,135.58,36,139.905
OR,2016,150.0,138.46,36,144.23000000000002
OR,2017,155.19,146.54,36,150.865
OR,2018,160.38,154.62,36,157.5
PA,2008,140.0,130.0,67,135.0
PA,2009,148.7,142.2,67,145.45
PA,2010,150.0,140.0,67,145.0
PA,2011,155.61,140.0,67,147.805
PA,2012,160.0,140.0,67,150.0
PA,2013,161.25,145.94,67,153.595
PA,2014,160.0,150.0,67,155.0
PA,2015,167.5,149.38,67,158.44
PA,2016,175.0,158.75,67,166.875
PA,2017,173.75,157.5,67,165.625
PA,2018,177.5,165.0,67,171.25
RI,2008,,,5,
RI,2009,,,5,
RI,2010,,,5,
RI,2011,,,5,
RI,2012,,,5,
RI,2013,,,5,
RI,2014,,,5,
RI,2015,,,5,
RI,2016,,,5,
RI,2017,,,5,
RI,2018,270.64,258.49,5,264.565
SC,2008,,,46,
SC,2009,,,46,
SC,2010,,,46,
SC,2011,,,46,
SC,2012,,,46,
SC,2013,,,46,
SC,2014,92.5,92.5,46,92.5
SC,2015,100.0,100.0,46,100.0
SC,2016,107.5,107.5,46,107.5
SC,2017,115.0,115.0,46,115.0
SC,2018,122.5,122.5,46,122.5
SD,2008,81.86,81.86,66,81.86
SD,2009,86.17,86.17,66,86.17
SD,2010,85.47,85.47,66,85.47
SD,2011,86.17,86.17,66,86.17
SD,2012,90.48,90.48,66,90.48
SD,2013,94.79,94.79,66,94.79
SD,2014,94.79,94.79,66,94.79
SD,2015,94.79,94.79,66,94.79
SD,2016,99.09,99.09,66,99.09
SD,2017,103.4,103.4,66,103.4
SD,2018,103.4,103.4,66,103.4
TN,2008,95.0,85.0,95,90.0
TN,2009,96.0,85.0,95,90.5
TN,2010,100.0,90.0,95,95.0
TN,2011,105.0,90.0,95,97.5
TN,2012,105.0,90.0,95,97.5
TN,2013,107.0,91.67,95,99.33500000000001
TN,2014,110.0,91.25,95,100.625
TN,2015,114.0,95.0,95,104.5
TN,2016,115.0,100.0,95,107.5
TN,2017,125.0,103.75,95,114.375
TN,2018,127.02,110.0,95,118.50999999999999
TX,2008,,,254,
TX,2009,104.61500000000001,97.155,254,100.885
TX,2010,105.15,97.2,254,101.17500000000001
TX,2011,107.5,99.48,254,103.49000000000001
TX,2012,113.45,104.25,254,108.85
TX,2013,116.35,109.3,254,112.82499999999999
TX,2014,111.45,103.8,254,107.625
TX,2015,114.1,106.05,254,110.07499999999999
TX,2016,120.1,113.15,254,116.625
TX,2017,130.05,120.5,254,125.275
TX,2018,133.5,123.2,254,128.35
UT,2008,111.66,91.27,29,101.465
UT,2009,117.79,96.22,29,107.005
UT,2010,123.16,100.54,29,111.85
UT,2011,128.54,104.86,29,116.69999999999999
UT,2012,125.17,103.58,29,114.375
UT,2013,121.68,102.21,29,111.945
UT,2014,140.23,114.74,29,127.48499999999999
UT,2015,159.92,129.23,29,144.575
UT,2016,167.65,138.23,29,152.94
UT,2017,175.38,147.23,29,161.305
UT,2018,183.12,156.23,29,169.675
VA,2008,,,134,
VA,2009,135.0,107.0,134,121.0
VA,2010,140.0,110.0,134,125.0
VA,2011,140.0,115.0,134,127.5
VA,2012,142.0,120.0,134,131.0
VA,2013,146.33,123.33,134,134.83
VA,2014,150.67,125.0,133,137.83499999999998
VA,2015,155.0,125.0,133,140.0
VA,2016,160.0,130.0,133,145.0
VA,2017,165.0,135.0,133,150.0
VA,2018,170.0,135.0,133,152.5
VT,2008,138.26,131.345,14,134.8025
VT,2009,149.78,144.02,14,146.9
VT,2010,161.305,156.695,14,159.0
VT,2011,172.87,167.7,14,170.285
VT,2012,177.91,171.14499999999998,14,174.52749999999997
VT,2013,189.215,181.94,14,185.5775
VT,2014,198.03,188.33999999999997,14,193.185
VT,2015,204.085,197.965,14,201.025
VT,2016,215.735,206.95999999999998,14,211.3475
VT,2017,221.365,216.88,14,219.1225
VT,2018,229.39499999999998,220.60500000000002,14,225.0
WA,2008,198.92,167.54,39,183.23
WA,2009,221.77,172.96,39,197.365
WA,2010,244.62,178.38,39,211.5
WA,2011,241.04,189.12,39,215.07999999999998
WA,2012,237.46,199.85,39,218.655
WA,2013,303.58,257.65,39,280.615
WA,2014,369.69,315.46,39,342.575
WA,2015,339.29,289.67,39,314.48
WA,2016,308.88,263.88,39,286.38
WA,2017,278.48,238.1,39,258.29
WA,2018,248.08,212.31,39,230.195
WI,2008,162.5,140.0,72,151.25
WI,2009,171.5,145.5,72,158.5
WI,2010,170.0,159.0,72,164.5
WI,2011,161.0,145.0,72,153.0
WI,2012,171.125,153.75,72,162.4375
WI,2013,171.5,156.25,72,163.875
WI,2014,172.0,160.0,72,166.0
WI,2015,186.25,162.0,72,174.125
WI,2016,186.0,169.68,72,177.84
WI,2017,192.5,175.0,72,183.75
WI,2018,200.0,175.0,72,187.5
WV,2008,105.94,84.75,55,95.345
WV,2009,105.47,87.16,55,96.315
WV,2010,105.97,90.48,55,98.225
WV,2011,106.45,93.67,55,100.06
WV,2012,119.58,102.5,55,111.03999999999999
WV,2013,118.51,103.06,55,110.785
WV,2014,120.19,105.87,55,113.03
WV,2015,119.75,106.92,55,113.33500000000001
WV,2016,121.89,110.5,55,116.195
WV,2017,124.97,115.16,55,120.065
WV,2018,129.12,120.51,55,124.815
WY,2008,,,23,
WY,2009,,,23,
WY,2010,,,23,
WY,2011,,,23,
WY,2012,,,23,
WY,2013,,,23,
WY,2014,154.38,126.18,23,140.28
WY,2015,149.12,126.18,23,137.65
WY,2016,143.14,125.78,23,134.45999999999998
WY,2017,136.87,125.14,23,131.005
WY,2018,137.57,124.13,23,130.85
